{
  "magna": {
    "num_nodes": 1004,
    "num_edges": 16646,
    "directed": false,
    "Weighted_std": 0.0,
    "log10_density": -1.7821575353210717,
    "mean_out_deg": 16.5796812749004,
    "mean_in_deg": 0.0,
    "std_out_deg": 18.631855552592643,
    "std_in_deg": 0.0,
    "spectral_norm": 347.49214905085535,
    "sqrt_determinant": 0.0,
    "cov_trace": 347.49214905085535,
    "median_out_deg": 11.0,
    "median_in_deg": 0.0,
    "clustering_coeff": 0.6168844201265394,
    "num_cc": 1,
    "num_scc": 1,
    "pseudo_diam": [
      [
        1004,
        13.0
      ]
    ],
    "avg_path_length": 5.537461321215636,
    "avg_path_length_se": null
  },
  "polblogs": {
    "num_nodes": 1490,
    "num_edges": 19087,
    "directed": true,
    "Weighted_std": 0.0,
    "log10_density": -2.0656348633198665,
    "labels_shape": [
      1490
    ],
    "num_classes": 2,
    "h_u": 0.906532347202301,
    "h_u2": 0.8554061055183411,
    "h_u_eff": 0.906532347202301,
    "h_d": 0.8980286717414856,
    "h_d_t": 0.9327829480171204,
    "h_d_aa": 0.8559520840644836,
    "h_d_a_a_t": 0.8310653567314148,
    "h_d_a_t_a": 0.9092931151390076,
    "h_d_a_t_a_t": 0.9127024412155151,
    "h_d_eff": 0.9327829480171204,
    "h_eff_gain": 0.028957158446505243,
    "mean_out_deg": 12.81006711409396,
    "mean_in_deg": 12.81006711409396,
    "std_out_deg": 20.814444664869278,
    "std_in_deg": 29.94656593676296,
    "spectral_norm": 1011.1925037671854,
    "sqrt_determinant": 568.6100006632156,
    "cov_trace": 1330.931160501395,
    "median_out_deg": 4.0,
    "median_in_deg": 2.0,
    "clustering_coeff": 0.2511340188281317,
    "num_cc": 268,
    "num_scc": 688,
    "pseudo_diam": [
      [
        1222,
        8.0
      ]
    ],
    "avg_path_length": 3.3851359816972986,
    "avg_path_length_se": null
  },
  "arenas": {
    "num_nodes": 1133,
    "num_edges": 10902,
    "directed": false,
    "Weighted_std": 0.0,
    "log10_density": -2.070953642035117,
    "mean_out_deg": 9.62224183583407,
    "mean_in_deg": 0.0,
    "std_out_deg": 9.339640177535761,
    "std_in_deg": 0.0,
    "spectral_norm": 87.30593595913165,
    "sqrt_determinant": 0.0,
    "cov_trace": 87.30593595913165,
    "median_out_deg": 7.0,
    "median_in_deg": 0.0,
    "clustering_coeff": 0.16625006482393817,
    "num_cc": 1,
    "num_scc": 1,
    "pseudo_diam": [
      [
        1133,
        7.0
      ]
    ],
    "avg_path_length": 3.6030738618820544,
    "avg_path_length_se": null
  },
  "enron_na": {
    "num_nodes": 7888,
    "num_edges": 142038,
    "directed": true,
    "Weighted_std": 14.896646337079941,
    "log10_density": -2.6415292553809095,
    "mean_out_deg": 18.00684584178499,
    "mean_in_deg": 18.00684584178499,
    "std_out_deg": 47.45715163351994,
    "std_in_deg": 32.20764044812768,
    "spectral_norm": 2715.2485483742557,
    "sqrt_determinant": 1249.1613710119962,
    "cov_trace": 3289.930424831885,
    "median_out_deg": 3.0,
    "median_in_deg": 7.0,
    "clustering_coeff": 0.16003118145718687,
    "num_cc": 58,
    "num_scc": 861,
    "pseudo_diam": [
      [
        7822,
        8.0
      ],
      [
        4,
        3.0
      ]
    ],
    "avg_path_length": 3.5255978072749117,
    "avg_path_length_se": null
  },
  "ppi": {
    "num_nodes": 3890,
    "num_edges": 75690,
    "directed": false,
    "Weighted_std": 0.0,
    "log10_density": -2.300860697414178,
    "labels_shape": [
      3890,
      50
    ],
    "mean_out_deg": 19.457583547557842,
    "mean_in_deg": 0.0,
    "std_out_deg": 34.28728432895103,
    "std_in_deg": 0.0,
    "spectral_norm": 1175.920159754525,
    "sqrt_determinant": 0.0,
    "cov_trace": 1175.920159754525,
    "median_out_deg": 8.0,
    "median_in_deg": 0.0,
    "clustering_coeff": 0.09191740053277876,
    "num_cc": 35,
    "num_scc": 35,
    "pseudo_diam": [
      [
        3852,
        8.0
      ]
    ],
    "avg_path_length": 3.0939893345722806,
    "avg_path_length_se": null
  },
  "roman_empire": {
    "num_nodes": 22662,
    "num_edges": 32927,
    "directed": true,
    "Weighted_std": 0.0,
    "log10_density": -4.193044306755592,
    "num_node_attributes": 300,
    "labels_shape": [
      22662
    ],
    "num_classes": 18,
    "h_u": 0.0460478812456131,
    "h_u2": 0.365225225687027,
    "h_u_eff": 0.365225225687027,
    "h_d": 0.041453007608652115,
    "h_d_t": 0.047275055199861526,
    "h_d_aa": 0.08468383550643921,
    "h_d_a_a_t": 0.6647486686706543,
    "h_d_a_t_a": 0.6765989065170288,
    "h_d_a_t_a_t": 0.07556423544883728,
    "h_d_eff": 0.6765989065170288,
    "h_eff_gain": 0.8525525044012917,
    "mean_out_deg": 1.452960903715471,
    "mean_in_deg": 1.452960903715471,
    "std_out_deg": 0.6756528440396316,
    "std_in_deg": 0.7320154573152866,
    "spectral_norm": 0.5458175043336467,
    "sqrt_determinant": 0.49371146197868265,
    "cov_trace": 0.9923971866520216,
    "median_out_deg": 1.0,
    "median_in_deg": 1.0,
    "clustering_coeff": 0.2879640044994376,
    "num_cc": 1,
    "num_scc": 22662,
    "pseudo_diam": [
      [
        22662,
        6824.0
      ]
    ],
    "avg_path_length": 1631.3397070899582,
    "avg_path_length_se": 100.15615773294704
  },
  "squirrel": {
    "num_nodes": 5201,
    "num_edges": 216933,
    "directed": true,
    "Weighted_std": 0.0,
    "log10_density": -2.0958480853290524,
    "num_node_attributes": 2089,
    "labels_shape": [
      5201
    ],
    "num_classes": 5,
    "h_u": 0.21919715404510498,
    "h_u2": 0.2531143128871918,
    "h_u_eff": 0.2531143128871918,
    "h_d": 0.21555733680725098,
    "h_d_t": 0.2068825662136078,
    "h_d_aa": 0.23630137741565704,
    "h_d_a_a_t": 0.25851932168006897,
    "h_d_a_t_a": 0.2583447992801666,
    "h_d_a_t_a_t": 0.2240908443927765,
    "h_d_eff": 0.25851932168006897,
    "h_eff_gain": 0.02135402273867502,
    "mean_out_deg": 41.70986348779081,
    "mean_in_deg": 41.70986348779081,
    "std_out_deg": 62.29530862464443,
    "std_in_deg": 154.47710186862977,
    "spectral_norm": 24368.29967185024,
    "sqrt_determinant": 9076.738310147875,
    "cov_trace": 27749.21584000119,
    "median_out_deg": 11.0,
    "median_in_deg": 0.0,
    "clustering_coeff": 0.45081538987356423,
    "num_cc": 1,
    "num_scc": 3026,
    "pseudo_diam": [
      [
        5201,
        10.0
      ]
    ],
    "avg_path_length": 3.9041034741194682,
    "avg_path_length_se": null
  },
  "arxiv_year": {
    "num_nodes": 169343,
    "num_edges": 1166243,
    "directed": true,
    "Weighted_std": 0.0,
    "log10_density": -4.390745448467426,
    "num_node_attributes": 128,
    "labels_shape": [
      169343
    ],
    "num_classes": 5,
    "h_u": 0.29137614369392395,
    "h_u2": 0.39760515093803406,
    "h_u_eff": 0.39760515093803406,
    "h_d": 0.3096790611743927,
    "h_d_t": 0.403105765581131,
    "h_d_aa": 0.18870671093463898,
    "h_d_a_a_t": 0.43111127614974976,
    "h_d_a_t_a": 0.4874538779258728,
    "h_d_a_t_a_t": 0.23598770797252655,
    "h_d_eff": 0.4874538779258728,
    "h_eff_gain": 0.2259747560509886,
    "mean_out_deg": 6.886868663009395,
    "mean_in_deg": 6.886868663009395,
    "std_out_deg": 8.879401472632647,
    "std_in_deg": 67.59912098587453,
    "spectral_norm": 4569.947628306213,
    "sqrt_determinant": 599.1967919047523,
    "cov_trace": 4648.512378852823,
    "median_out_deg": 4.0,
    "median_in_deg": 1.0,
    "clustering_coeff": 0.016652967376227134,
    "num_cc": 1,
    "num_scc": 141223,
    "pseudo_diam": [
      [
        169343,
        25.0
      ]
    ],
    "avg_path_length": 11.955577962066677,
    "avg_path_length_se": 0.7232239629536651
  },
  "snap_patents": {
    "num_nodes": 2923922,
    "num_edges": 13975788,
    "directed": true,
    "Weighted_std": 0.0,
    "log10_density": -5.786555261796439,
    "num_node_attributes": 269,
    "labels_shape": [
      2923922
    ],
    "num_classes": 5,
    "h_u": 0.22058068215847015,
    "h_u2": 0.3718400299549103,
    "h_u_eff": 0.3718400299549103,
    "h_d": 0.2659553587436676,