{"betweenness":0.0417728424,"closeness":0.0372610092,"pagerank":0.0006098747,"clustering_coeff":0.000367403}